-- phpMyAdmin SQL Dump
-- version 5.2.0
-- https://www.phpmyadmin.net/
--
-- Host: 127.0.0.1
-- Generation Time: Dec 17, 2022 at 01:09 AM
-- Server version: 10.4.27-MariaDB
-- PHP Version: 8.1.12

SET SQL_MODE = "NO_AUTO_VALUE_ON_ZERO";
START TRANSACTION;
SET time_zone = "+00:00";


/*!40101 SET @OLD_CHARACTER_SET_CLIENT=@@CHARACTER_SET_CLIENT */;
/*!40101 SET @OLD_CHARACTER_SET_RESULTS=@@CHARACTER_SET_RESULTS */;
/*!40101 SET @OLD_COLLATION_CONNECTION=@@COLLATION_CONNECTION */;
/*!40101 SET NAMES utf8mb4 */;

--
-- Database: `anynews`
--

-- --------------------------------------------------------

--
-- Table structure for table `admins`
--

CREATE TABLE `admins` (
  `admin_id` int(11) NOT NULL,
  `username` varchar(100) CHARACTER SET latin1 COLLATE latin1_swedish_ci NOT NULL,
  `password` varchar(100) CHARACTER SET latin1 COLLATE latin1_swedish_ci NOT NULL,
  `name` varchar(100) CHARACTER SET latin1 COLLATE latin1_swedish_ci NOT NULL,
  `role` varchar(20) CHARACTER SET latin1 COLLATE latin1_swedish_ci NOT NULL
) ENGINE=InnoDB DEFAULT CHARSET=utf8mb4 COLLATE=utf8mb4_general_ci;

--
-- Dumping data for table `admins`
--

INSERT INTO `admins` (`admin_id`, `username`, `password`, `name`, `role`) VALUES
(9, 'mj', 'mj123', 'MJ', '1'),
(12, 'kuro', 'kurooo', 'Kuro Yagami', '1'),
(26, 'shiro', 'shirooo', 'Shiroyuki', '0');

-- --------------------------------------------------------

--
-- Table structure for table `categories`
--

CREATE TABLE `categories` (
  `category_id` int(11) NOT NULL,
  `category_name` varchar(100) CHARACTER SET latin1 COLLATE latin1_swedish_ci NOT NULL,
  `post` int(11) NOT NULL
) ENGINE=InnoDB DEFAULT CHARSET=utf8mb4 COLLATE=utf8mb4_general_ci;

--
-- Dumping data for table `categories`
--

INSERT INTO `categories` (`category_id`, `category_name`, `post`) VALUES
(1, 'Game', 5),
(2, 'Music', 5),
(3, 'E-Sport', 5);

-- --------------------------------------------------------

--
-- Table structure for table `news`
--

CREATE TABLE `news` (
  `news_id` int(11) NOT NULL,
  `title` varchar(150) CHARACTER SET latin1 COLLATE latin1_swedish_ci NOT NULL,
  `description` text CHARACTER SET latin1 COLLATE latin1_swedish_ci NOT NULL,
  `post_date` varchar(50) CHARACTER SET latin1 COLLATE latin1_swedish_ci NOT NULL,
  `category` varchar(100) CHARACTER SET latin1 COLLATE latin1_swedish_ci NOT NULL,
  `admin` int(11) NOT NULL,
  `post_image` varchar(100) CHARACTER SET latin1 COLLATE latin1_swedish_ci NOT NULL
) ENGINE=InnoDB DEFAULT CHARSET=utf8mb4 COLLATE=utf8mb4_general_ci;

--
-- Dumping data for table `news`
--

INSERT INTO `news` (`news_id`, `title`, `description`, `post_date`, `category`, `admin`, `post_image`) VALUES
(32, 'Genshin Impact 3.3 Rilis 7 Desember, Bawa Mode TCG dan Banner Scaramouche!', 'Hoyoverse resmi mengumumkan jadwal peluncuran Genshin Impact versi 3.3. Sesuai yang telah diprediksi, Genshin Impact 3.3 meluncur pada 7 Desember 2022. Genshin Impact 3.3 yang bertajuk \"All Sense Clear, All Existence Void\" menyertakan beragam konten baru. Meski quest archon Sumeru telah berakhir, Genshin Impact 3.3 akan menampilkan 2 karakter kuat baru dan berbagai cerita, event, serta tantangan menarik. Selain itu, pemain Genshin Impact juga bisa memainkan mode permainan baru yaitu Genius Nvokation yang berbasis TCG (Trading Card Game). <br><br>\n\n<b>1. Banner Wanderer dan Faruzan</b><br><br>\nSetelah dikalahkan sebagai dewa ciptaan dalam alur cerita Quest Archon, The Balladeer yang sekarang dikenal sebagai \"Wanderer\", memilih untuk mengikuti jalan yang berbeda dibawah penjagaan Nahida. Pada Quest Archon Chapter Interlude terbaru, \"Pembalikan Kejadian\", pemain akan mengungkap lebih banyak cerita menarik di Irminsul bersama dengan Wanderer. Wanderer akan hadir sebagai karakter Anemo bintang 5 yang dapat dimainkan. Ia menggunakan senjata katalis dengan kemampuan damage yang tinggi.<br><br>\n\nWanderer memiliki kekuatan untuk dapat terbang dan menyerang di udara. Kekuatannya dapat ditingkatkan saat mengenai empat elemen lain, Hydro/Pyro/Cryo/Electro. Kemudian ada pula karakter Faruzan yang menjadi karakter yang bisa dimainkan di Genshin Impact 3.3.<br><br>\n\nFaruzan datang sebagai karakter anemo bintang 4 dengan senjata panah. Faruzan adalah seorang jenius yang awet muda dari Akademiya di bidang mekanik. Saat bertarung, dia menggunakan busur sebagai senjatanya dan mendukung anggota party dengan memberikan efek Anemo DMG Bonus sambil menurunkan Anemo RES musuh. Faruzan, dan Arataki Itto yang hadir kembali akan tersedia pada Event Permohonan v3.3 bagian pertama. Raiden Shogun dan Kamisato Ayato yang hadir kembali akan tersedia pada Event Permohonan bagian kedua. <br><br>\n\n<b>2. Genius Invokation TCG</b><br><br>\nSebagai sebuah permainan kartu, Genius Invokation TCG menggabungkan keseruan sistem pertarungan elemen Genshin Impact dengan penyusunan strategi yang memungkinkan pemain dan NPC untuk berduel menggunakan kartu di tangan mereka.<br><br>\n\nDalam pertandingan Genius Invokation TCG, pemenang harus mengalahkan semua Kartu Karakter milik musuh menggunakan Normal Attack, Elemental Skill, maupun Elemental Burst milik Kartu Karakter-nya sendiri. Oleh karena itu, mengganti Kartu Karakter dengan cermat untuk memicu Reaksi Elemental dan menggunakan Kartu Aksi untuk memicu buff dan efek lainnya sangatlah penting dalam membangun strategi untuk meraih kemenangan. Namun, melakukan aksi di atas sering kali membutuhkan sejumlah Dadu Elemental yang sesuai sebagai biayanya, yang mana membuat tahap melempar dadu sebagai bagian penting dari setiap ronde. Semakin banyak pemain kartu NPC yang dikalahkan, semakin banyak juga kartu dan Dynamic Skin yang dapat dibeli pemain dari Toko Kartu.<br><br>\n\nBeragam event dan tantangan seru menunggu di v3.3. Event spesial terbatas \"Akitsu Kimodameshi\" akan menantang para pemain dan Arataki Itto untuk menyelesaikan berbagai mini-game spesial menghancurkan bata. Event spesial terbatas lainnya \"Melintasi Alam Liar\" menyediakan jalur untuk mengumpulkan Wilderness Baloon dalam waktu terbatas. Selain itu, permainan petak-umpat klasik \"Jejak Sang Angin\" dan event tantangan \"Kota Kabut\" akan kembali dengan update terbaru.<br><br>                                                                                     ', '12 Dec, 2022', '1', 12, 'post-1.jpg'),
(33, 'Sambut M4, Moonton Gelar Kompetisi Cosplay MLBB dan Countdown Party', 'Moonton akan menggelar kompetisi cosplay Mobile Legends dalam rangka menyambut gelaran M4 World Championships. Kompetisi cosplay tersebut akan digelar dalam dua format, yakni online dan offline dengan prize pools yang berbeda. Untuk kompetisi online total hadiahnya mencapai Rp25 juta, kemudian kompetisi offline Rp29 juta. Nantinya kompetisi cosplay Mobile Legends dengan format offline bakal digelar pada 30 Desember 2022 di Emporium Mall Pluit, Jakarta Barat. Adapun sosok yang menjadi jurinya adalah RianCYD (pemenang World Cosplay Summit 2022), Zai Naru (pemenang AFA Singapura), Echow (Polymanga Swiss), serta Bobocu dan Gatot Damage.<br><br>\r\n\r\nSelain kompetisi cosplay, Moonton juga menggelar countdown party untuk menyambut M4 World Championships. Acaranya bakal digelar mulai 29 Desember 2022 - 1 Januari 2023 di Emporium Mall Pluit, Jakarta Barat. Nama-nama seperti Oura, Donkey, Wann, Rekt, Xinnn, dan Jonathan Liandi akan memeriahkan acara. Berbagai kegiatan bisa diikuti, mulai dari talk show, M4 watch party, fun match, hingga sesi meet and greet.<br><br>\r\n\r\nMarketing Manager Moonton, Leonardy Wu mengaku senang bisa menggelar event offline di Indonesia. \"Ini menjadi kesempatan kami untuk menyapa dan terhubung langsung dengan fans Mobile Legends dari Indonesia,\" ujarnya dalam keterangan tertulis yang GridGames terima, Rabu (14/12/2022). \"Kami harap bisa menjalin hubungan yang panjang dengan komunitas lewat berbagai event yang digelar,\" lanjutnya. Bagi kalian yang berminat hadir bisa langsung datang ke Emporium Mall Pluit karena acaranya gratis.', '11 Dec, 2022', '3', 12, 'post-2.jpg'),
(34, 'Riot Games akan Rilis Ulang Server LoL dan TFT di Indonesia pada Januari 2023', 'Riot Games resmi mengumumkan jadwal rilis ulang server League of Legends dan Team Fights Tactics di kawasan Asia Tenggara dan Taiwan. Pemain akan bisa kembali memainkan dua game tersebut mulai 6 Januari mendatang. Sebelumnya, penerbitan League of Legends dan Teamfight Tactics untuk kawasan Asia Tenggara dan Taiwan dipegang oleh Garena. Namun baru-baru ini Riot Games telah mengambil alih dan akan menerbitkan gamenya secara mandiri.<br><br>\r\n\r\nDalam rangka menyambut peluncuran ulang servernya, Riot Games menggelar event in-game selama Januari 2023. Pemain akan mendapat token welcome event yang bisa ditukar dengan skin permanen gratis, legendary eggs, dan loot lainnya. Terdapat pula in-game mission yang juga akan mendapatkan semua champion dari 2009-2021 secara gratis.<br><br>\r\n\r\nDengan League of Legends dan Teamfight Tactics yang kembali berada di bawah publikasi Riot Games, pemain dapat mendapat akses ke konten yang sebelumnya tidak tersedia di wilayah lain. Mulai dari mode game Clash, konten kampanye lintas game, hingga kelanjutan operasional kompetisi esports. Riot Games masih memberi waktu bagi pemain yang belum memindahkan data akun Garena League of Legends dan Teamfight Tactics-nya masing-masing.', '12 Dec, 2022', '1', 12, 'post-3.jpg'),
(35, 'Perubahan SCID Mendatang', '<strong>Hei Chief!</strong><br><br>\nKami ingin berbagi dengan Anda beberapa fitur tambahan yang akan kami tambahkan ke Supercell ID dalam waktu dekat. Kami berharap fitur-fitur ini akan menambah kemudahan untuk mengelola akun Supercell ID Anda serta memperkuat keamanannya, memberikan tambahan ketenangan pikiran Anda.<br><br>\n\n<strong>Mengubah Alamat Email SCID Anda</strong><br><br>\nSalah satu fitur yang akan segera tersedia untuk Anda adalah untuk mengubah alamat email SCID Anda melalui tab Pengaturan SCID game Anda. Saat Anda mengubah alamat email yang terkait dengan akun SCID Anda, Anda harus memasukkan kode konfirmasi yang dikirimkan ke alamat email terdaftar saat ini. Bagian luar biasa dari fitur ini adalah perubahan alamat email terdaftar Anda akan diperbarui di semua game kami yang terhubung ke Supercell ID Anda.<br><br>\n\n<strong>Fitur Perlindungan Akun Baru</strong><br><br>Fitur keamanan baru akan diluncurkan ke akun SCID Anda dalam beberapa minggu mendatang. Mengaktifkan fitur ini memungkinkan Anda melindungi akun Anda dari pemulihan atau “phishing” oleh pihak jahat. Cara fitur Perlindungan Akun mengamankan akun Anda adalah dengan meminta siapa pun yang memulihkan akun Anda untuk memberikan kode yang hanya dapat Anda terima ke ponsel atau kode pemulihan Anda.<br><br>\n\n<strong>Mengaktifkan Perlindungan Akun</strong><br><br>Untuk menggunakan fitur Perlindungan Akun yang baru, Anda memerlukan: Nomor telepon aktif yang dapat Anda akses dan dapat menerima pesan SMS. Tempat cadangan yang aman bagi Anda untuk menyimpan kode pemulihan cadangan tambahan jika Anda kehilangan akses ke ponsel atau kehilangan ponsel itu sendiri. Anda dapat mengaktifkan fitur Perlindungan Akun dalam game di bawah Pengaturan, lalu mengetuk \"Supercell ID\". Petunjuk di layar akan memandu Anda melalui proses untuk mengaktifkan fitur perlindungan. Setelah Perlindungan Akun diaktifkan, itu tidak dapat dinonaktifkan.<br><br>\n\n<strong>Kode Pemulihan Cadangan</strong><br><br>Apa yang Anda lakukan jika Anda kehilangan akses ke nomor telepon yang terdaftar di akun SCID Anda? Kami tahu mengubah perangkat seluler Anda adalah bagian dari kehidupan, baik karena rusak secara tidak sengaja, tertinggal di bus, atau Anda baru saja mendapatkan perangkat baru. Saat Anda mengaktifkan fitur Perlindungan Akun, Anda akan dapat membuat kode pemulihan cadangan. Kode ini untuk berjaga-jaga jika Anda kehilangan akses ke nomor telepon Anda dan tidak dapat mengambil kode verifikasi SMS. Anda juga dapat menggunakan kode cadangan ini. Kami sangat menyarankan Anda menyimpan kode ini di tempat yang aman. Setiap kode pemulihan cadangan hanya dapat digunakan sekali, meskipun Anda selalu dapat membuat kode pemulihan cadangan baru. <br><br>\n\n<strong>CATATAN: Jika Anda kehilangan akses ke nomor dan alamat email yang terdaftar di akun SCID Anda dan Anda kehilangan kode pemulihan cadangan, Anda TIDAK akan dapat memulihkan akun Anda. Selain itu, jika Anda telah membagikan akun atau informasi akun Anda dengan orang lain di masa lalu, Dukungan tidak akan dapat memberikan bantuan untuk perselisihan antara individu berbeda yang mencoba mengaktifkan Perlindungan Akun di satu akun.</strong><br><br> Kami akan menerapkan fitur ini secara bertahap, dimulai dengan wilayah tertentu. Tujuan kami adalah memantau penggunaan fitur sebelum kami mulai menerapkannya ke lebih banyak wilayah, jadi harap bersabar sementara kami meluncurkan pembaruan keamanan baru untuk SCID ini.                                        ', '14 Dec, 2022', '1', 12, 'post-4.jpg'),
(36, 'Mobile Legends Rilis 2 Skin Baru The Aspirants untuk Ruby dan Angela', 'Mobile Legends: Bang Bang telah meluncurkan dua skin The Aspirants pada awal tahun 2022 lalu. Kini game besutan Moonton itu akan kembali meluncurkan skin The Aspirants di akhir tahun ini. Ada dua Hero yang akan mendapatkan skin The Aspirants terbaru, yaitu Ruby dan Angela.<br><br>\r\n\r\nSeperti yang sudah kita ketahui, The Aspirants tampil dengan art style yang berbeda dari skin MLBB umumnya. Skin The Aspirants hadir dengan saturasi warna yang tidak terlalu terang dan model desain datar untuk membangkitkan style anime yang lebih jelas.<br><br>\r\n\r\nSelain itu, skin ini tampil dengan animasi unik mulai dari aksi saat diam, berjalan, spawn, recall. Bahkan, The Aspirants juga hadir dengan battle emote khusus dan dapat berinteraksi ketika disentuh oleh pemain.<br><br>\r\n\r\nHero Ruby, mendapatkan skin The Aspirants bernama “Mecha Maiden”.<br>\r\nSedangkan Angela mendapatkan skin yang disebut “Cyber Cherubin”.<br><br>\r\n\r\nUntuk menyambut kedatangan skin baru, Mobile Legends: Bang Bang telah menyuguhkan trailer animasi bertajuk “The Aspirants: Kebangkitan”. Trailer tersebut memperlihatkan pertarungan antara Ruby dengan Angela dalam balutan skin baru tersebut.<br><br>\r\n\r\nTantangan utama dalam membuat skin baru ini adalah mengintegrasikan gaya anime dari The Aspirants dengan grafis 3D dari MLBB. Melalui berbagai percobaan, akhirnya tim pengembang dapat menyimulasikan proses menggambar dari anime artist melalui rendering berlapis. Hal tersebut tentunya untuk menciptakan kembali art style dalam bentuk 3D untuk dipasangkan dengan efek yang paling cocok untuk MLBB.<br><br>\r\n\r\nSkin The Aspirants untuk Ruby dan Angela akan mulai tersedia di Mobile Legends: Bang Bang pada 3 Desember 2022.', '15 Dec, 2022', '1', 12, 'post-10.jpg'),
(43, 'Catat! Ini Lokasi Group Stage dan Knockout M4!', 'Venue untuk dua fase pertandingan Kejuaraan Dunia M4 Mobile Legends, group stage dan knockout stage akan berpindah tempat menjadi ke Bali United Studio & Tennis Indoor Stadium Senayan. Sebelumnya, lokasi untuk M4 telah di tentukan dan akan bergulir di XO Hall dan Istora Senayan. Sayangnya, hal tersebut mengalami perubahan akibat kejadian yang tak terduga saat ini.<br><br>\r\n\r\nPerubahan venue M4 ke dua lokasi baru telah di lakukan oleh pihak penyelenggara dengan waktu persiapan yang tak banyak, mengetahui acaranya akan di gelar pada 1 Januari 2022 nanti. Namun, Moonton tetap memastikan bahwa pagelaran acara akan di pastikan berjalan lancar dan demi kebaikan pemirsa.<br><br>\r\n\r\n\"Kejuaraan Dunia M4 kurang dari sebulan lagi, persiapan untuk turnamen internasional ini terus berjalan. Namun, insiden yang belum lama ini menimpa XO Hall menjadi perhatian kami, ini tempat yang sangat disukai oleh banyak penggemar MPL ID.<br><br>\r\n\r\nDikarenakan keadaan yang tidak terduga ini, kami telah memutuskan untuk memindahkan venue Group Stage ke Bali United Studio dan venue Knockout Stage, ke Tennis Indoor Stadium Senayan. Hal ini dilakukan untuk memastikan bahwa kami dapat memberikan pengalaman yang aman dan kondusif bagi tim, penggemar, dan komunitas game kami.\" Ungkap tim MPL ID.<br><br>\r\n\r\nLokasi untuk pertandingan fase penyisihan grup akan terletak di Bali United Studio yang berlangsung pada 1 - 4 Januari 2023 di Jl. Duri Utama Raya No.43, RW.7, Duri Kepa, Kec. Kb. Jeruk, Kota Jakarta Barat, Daerah Khusus Ibukota Jakarta 11510, Indonesia. Sementara untuk Knockout Stage akan berlangsung pada 7-15 Januari 2023 di Tennis Indoor Stadium Senayan, Jl. Pintu Satu Senayan No.B, RT.1/RW.3, Gelora, Kecamatan Tanah Abang, Kota Jakarta Pusat, Daerah Khusus Ibukota Jakarta 10270, Indonesia.<br><br>\r\n\r\nSeiring dengan adanya perubahan ini, Moonton menyadari bahwa hal tersebut akan berdampak ke pada para penggemar yang telah memesan tiket lebih awal (early bird). Oleh sebab itu, Moonton akan melakukan refund bagi para penggemar berdasarkan pernyataannya.<br><br>\r\n\r\n\"Karena perubahan venue, akan ada penurunan kapasitas tempat duduk untuk Babak Knockout, dan kami akan melakukan refund bagi yang terdampak. Pemegang tiket Babak Knockout akan diberikan hingga 250 diamond Mobile Legends: Bang Bang sebagai kompensasi. Untuk detail lebih lanjut tentang kompensasi dalam game, silakan lihat email pengumuman dari penyedia tiket kami, Blibli.\" <br><br>\r\n\r\nWah makin gak sabar lihat venue M4 yah sobat esports!', '15 Dec, 2022', '3', 12, 'post-5.png'),
(44, 'Kelas! Timnas DOTA 2 Indonesia Juara IESF Bali-14', 'Berjuang dari lower bracket, mengalahkan tim kuat mulai dari Kazakhstan, Thailand dan Laos, timnas <b>DOTA 2 Indonesia</b> sukses membalaskan dendam pada Filipina di grand final <b>DOTA 2 IESF Bali-14.</b>\r\n\r\nFilipina secara sistem sudah unggul 1 poin dari Indonesia karena lolos final jalur uppr bracket, namun hal itu tak buat gentar punggawa timnas yang diperkuat Dreamocel, Whitemon, Jhocam, Womy, Mikoto, Hyde, dipandu oleh coach Aville dan Lesserblue. Di game pertama Indonesia langsung memulai dengan draft snowball yang agresif mengandalkan Slark dan Ember Spirit. Kombo maut PH Tuskar-Skywrath Mage tak mampu berkutik di game ini.<br><br>\r\n\r\nPH masih percaya diri dengan taktik yang sama, namun di game ketiga ada Terrorblade untuk urusan gendong. Drow Ranger yang dimainkan Dreamocel kesulitan untuk bangkit karena pressure tinggi dari Tuskar dan Primal Beast di match tersebut. Walau tertekan dengan skor 2-1, Indonesia tetap main objektif namun dengan drafting lebih solid. Phantom Lancer mampu merepotkan support PH yang terlalu single target dan repot lawan ilusi. Plus performa ciamik dari Womy Beastmaster sukses runtuhkan tower demi tower sekaligus buat Slark tak punya lahan farm.<br><br>\r\n\r\nDi game kelima, fase early dan mid game cukup mengkhawatirkan untuk Indonesia. Tuskar midlane plus carry Sniper cukup jadi masalah untuk punggawa timnas. Untungnya, permainan sabar dan inisisasi mengejutkan Mikoto berhasil membalikan keadaan perlahan dan akhirnya membawa Indonesia menang di game penentuan.<br><br>\r\n\r\nHasil ini cukup penting karena Indonesia punya catatan agak sendu saat jumpa Filipina. Bagi para pemain, titel juara dunia IESF jadi modal yang baik bagi karir mereka menjelang berlangsungnya Pro Circuit DOTA 2. Dreamocel berharap kemenangannya bisa menginspirasi pemain-pemain DOTA 2 di Indonesia untuk melanjutkan tonggak regenerasi, namun kalau ada event serupa dalam waktu dekat, ia masih ingin jadi perwakilan bangsa di event internasional.<br><br>\r\n\r\nSelamat Indonesia!', '15 Dec, 2022', '3', 12, 'post-6.jpg'),
(48, 'PUBG Mobile Dinobatkan Sebagai Game Mobile Terbaik 2022!', 'PUBG Mobile telah menjadi game terbaik di tahun 2022 berdasarkan nominasi Esports Awards. Game battle royale yang cukup digemari pada seluruh wilayah di dunia ini berhasil bersaing erat dengan pesaing game mobile lainnya seperti COD Mobile, Free Fire, Wild Rift, dan Pokemon UNITE!.<br><br>\n\nPUBG Mobile merupakan sebuah game battle royale yang di kembangkan oleh Tencent, Lightspeed & Quantum Studio, sebagai adaptasi platform PC ke Mobile yang rilis pada tahun 2018. PUBG Mobile telah menjadi battle royale terbaik sejauh ini dan berhasil menggelar acara esports yang sukses di berbagai negara seperti PUBG Mobile Professional League dan PUBG Mobile Global Championship.<br><br>\n\nBattle royale ini juga telah menjadi game esports wajib yang hadir di turnamen Nasional dan Internasional, salah satunya ialah IESF WEC 2022 - Bali yang telah berakhir dan di menangkan oleh Timnas Kazakhstan pekan lalu.<br><br>\n\nEsports Awards 2022 telah berlangsung di Resorts World di Las Vegas. Acara penghargaan ini di gelar untuk menghormati dan merayakan pencapaian mereka di seluruh dunia Esports. Esports Award sejauh ini telah menampilkan seluruh kinerja dan inovasi tingkat atas dari para pemain, tim, media, hardware, game, event, dan banyak lagi.                                                                                ', '16 Dec, 2022', '3', 9, 'post-7.png'),
(49, 'Riot Berikan Beberapa Detil Tersirat Untuk Map Baru VALORANT!', 'Map ke-9 VALORANT yang ber-codename \"Jam\" tampaknya akan segera rilis berdasarkan sejumlah teaser yang di ungkapkan secara tersirat oleh Riot Games. Jika spekulasi yang muncul sejauh ini benar, maka penggemar akan mengetahui beberapa detil tentang map anyar tersebut.<br><br>\r\n\r\nMap VALORANT terbaru akan berlokasi di India, berdasarkan pernyataan Harbor. Ia menyebutkan tentang \"city of flowers\" atau kota bunga yang mengacu kepada peta bertema samudra yang sejuk. Di sisi lain, teaser juga mengisyaratkan sebuah konsep multiverse, mengacu kepada Legion yang sedang mengaktifkan peta ke-9 di nexus.<br><br>\r\n\r\nMap anyar VALORANT juga akan memiliki mekanik baru berdasarkan pernyataan dari Joe Lansford. Meski tak disebutkan secara spesifik seperti apa mekanik tersebut, ia mengungkap bahwa masih akan identik dengan map yang telah ada saat ini.<br><br>\r\n\r\n“Peta berikutnya, apa yah? Akan terdapat mekanik baru. Tak terlalu gila, bukan teleporter, tapi akan ada mekanik baru. Ini akan mirip dengan peta lain di pool” katanya.<br><br>\r\n\r\nSementara itu, Night Market VALORANT biasanya memberikan teaser tersirat tentang update berikutnya di dalam background. Meski sering di acuhkan oleh setiap pemain, namun siapa yang menyangka jika Riot Games mungkin memperkenalkan map anyar dengan cara yang unik.<br><br>\r\n\r\nSingkatnya, background Night Market saat ini menampilkan sebuah pasar buah dan beberapa dekorasi-dekorasi di sekitarnya. Gambar tersebut cocok dengan lokasi yang sebelumnya telah di perlihatkan dan identik dengan India. Latar yang tampak seperti Bazaar atau pasar biasanya menjadi latar Harbor pada sebuah concept art, hal tersebut cukup cocok jika di hubungkan dengan map ke-9.', '16 Dec, 2022', '1', 9, 'post-8.png'),
(50, 'GPX Rencana Bentuk Divisi Esports PC, VALORANT & DOTA 2 Jadi Target?', 'Dengan kesuksesannya GPX di kancah esports game mobile dan konten digital, tim yang di kelola oleh OURA, Marsha & Donkey telah berencana membentuk divisi esports PC di 2023 yaitu VALORANT & DOTA 2 berdasarkan pernyataan mereka di acara media briefing yang membahas tentang kolaborasi strategis TOP dan GPX: “Jersey Baru, Semangat Baru” pada 8 Desember 2022 kemarin. <br><br>\r\n\r\nKetika di tanya oleh tim Esports ID tentang roadmap yang akan mereka jalankan di 2023, OURA menjawab bahwa ia sangat tertarik untuk membentuk divisi DOTA 2 untuk esports PC yang kini telah mendapatkan perhatian lebih, khususnya di Indonesia. Meski sempat mengungkap keinginannya untuk mengekspansi roster VALORANT, OURA mengaku bahwa rencananya tersebut masih perlu di pertimbangkan dengan adanya liga franchised VCT yang cukup menyulitkan tim baru bersaing di turnamen besar.<br><br>\r\n\r\n\"Rencana sih pasti ada yah, saya pribadi itu pengen juga sama GPX membuat divisi VALORANT dan DOTA 2. Harapannya adalah ya di tahun 2023. Cuma kan baru-baru ini VALORANT lumayan rada sulit ya gara-gara franchised segala macem. Jadi, kayanya kita inginnya fokus ke DOTA 2.\" Ungkap Eko “OURA” Julianto, CEO GPX.<br><br>\r\n\r\n\"Buat tim PC kita harapan emang ada, cuman sekarang kita fokus ke mobile dulu dan pengumpulan talent karena kita kerjasama dengan Trinity yang lebih ke pengembangan talent dan esports mobile.\" tambah Steven “Marsha” Kurniawan, Co-Founder GPX.<br><br>\r\n\r\nGPX Geng Kapak yang kini telah tampil dengan konsep anyar berkat kemitraannya dengan Trinity Optima Production telah menjadi suatu organisasi esports baru yang solid di 2022. Dengan posisinya saat ini, tidak menutup kemungkinan untuk tim GPX berekspansi lebih luas di 2023 untuk meningkatkan value tim nya.<br><br>\r\n\r\nMeski GPX masih cenderung fokus ke esports mobile, tim yang identik berwarna hijau ini berpotensi besar untuk menghadirkan esports PC, khususnya DOTA 2 yang sangat di inginkan oleh OURA selaku CEO. Namun, kita masih akan mengetahui realisasi roadmap mereka di 2023 pada waktu yang mendatang.', '16 Dec, 2022', '3', 9, 'post-9.png'),
(51, 'YOASOBI Berikan Sedikit Teaser Tentang Solo Konser di Indonesia', 'YOASOBI baru saja sukses tampil di depan ribuan orang dalam acara Hit in the Clouds 2022 yang berlangsung di Jakarta. Mereka tampil membawakan setidaknya beberapa lagu hitsnya mulai dari Yoru ni Kakeru, Gunjou, Tabun, The Blessing, hingga Ano yume wo nazotte.<br><br>\r\n\r\n\"Kami akan pulang ke Jepang, terima kasih Jakarta, terima kasih para penonton! Sampai jumpa di solo konser kami!,\" ucap akun Twitter Yoasobi Staff. Yoasobi menjadi populer sejak lagu debutnya yang berjudul Yoru ni Kakeru viral diberbagai platform seperti TikTok dan YouTube.<br><br>\r\n\r\nTerlebih mereka juga mengisi beberapa opening anime seperti Beastar dan anime Mobile Suit Gundam terbaru yakni The Witch from Mercury dengan lagu The Blessing.<br><br>\r\n\r\n<b>Sumber: Twitter</b>', '16 Dec, 2022', '2', 26, 'post-11.jpg'),
(52, 'Report: ONE OK ROCK holds nothing back for North American Tour finale', 'On Thursday, October 20 alternative rock band ONE OK ROCK returned to the Hollywood Palladium for the final performance of their Luxury Disease North American Tour 2022. The tour marks the band’s first time back to North America since they last toured before the pandemic in 2019, and the sold-out theater was packed to the brim with fans who were ready to rock their hearts out.<br><br>\n\nThe opening bands Fame on Fire and You Me At Six revved up the audience, but the energy ramped up to a whole new level once ONE OK ROCK made their way onto the stage, reuniting with Los Angeles fans after three years. Billowing smoke and bright spotlights created a dramatic entrance for the four band members as the opening notes of guitars signaled to fans that the main event was here. Save Yourself, one of the newly released singles of 2022, was the first song of the night, and fans immediately joined in to shout out the lyrics.  Then vocalist Taka got fans up and jumping for the set’s second song Taking Off. His energy seemed endless as he bounded from one side of the stage to the other, jumping and dancing with fans, even while singing his lungs out.<br><br>\n\nThe third song of the night was Wonder. In a special moment for both the audience and the performers, Taka invited fellow bands Fame on Fire and You Me At Six out on stage with them. The artists had all undoubtedly grown closer during the tour and the stage was full of wide smiles with all three bands joyfully shouting, dancing, and jumping for their last performance together, in a beautiful show of camaraderie and friendship.<br><br>\n\nThe band played Let Me Let You Go and Renegades from their new album Luxury Disease, before taking a moment to talk with the audience. Each of the band members took turns speaking directly to the crowd, ranging from heartfelt messages about how good it was to be back on tour in the US to drummer Tomoya’s more playful declarations of “I love the Lakers!” and “I love pizza!” to which the crowd erupted in cheers every time.<br><br>\n\nThen the music started back up, Toru’s guitar joined by Ryota’s bass and Tomoya’s drumming, each musician showing off their skills in an electric instrumental opening to Neon. After, they played a couple more songs from the new album Vandalize, and then changed pace with So Far Gone, a soulful rock ballad remembering everyone who couldn’t be there with us. The lyrics likely carried a different, personal meaning for everyone listening at that moment. For this song, the audience turned on their phone lights to create a sea of stars shining on the band as Taka’s vocals soared.<br><br>\n\nAn instrumental track eased the transition to the classic and ever-fan-favorite The Beginning. The entire audience joined in singing, their love for the band and the music present in every voice as they sang along in both English and Japanese. As the song reached the bridge, Taka crossed the gap to the audience and fans surged forward, hands outstretched in pursuit of that moment of connection with the singer.<br><br>\n\nThe last few songs of the set included the uplifting Prove from their new album and then Stand Out Fit In as well as Wasted Nights from the previous album Eye of the Storm. The band bowed out, but of course, fans weren’t ready to leave just yet–chants and pleas for “one more song” began almost immediately. The band complied and returned to play not one, but two more songs for their encore!<br><br>\n\nWith the end of the night fast approaching, ONE OK ROCK played Always Coming Back–a quiet, more acoustic song from their 2016 album Ambitions. It was a performance and a message to fans that ONE OK ROCK would always come back. Last but not least, American Girls was the final song of the night. Fans gathered all their remaining energy to let loose with everything they had for ONE OK ROCK’s tribute to their American fans.  Despite this being the last stop on a massive 23-concert tour, ONE OK ROCK brought an incredible amount of energy to their set and made it a show fans would not soon forget.<br><br>\n\nONE OK ROCK’s new album Luxury Disease steps away from the pop-rock sounds of their previous album and returns to their rock band roots.  But whether you’re a fan of their older or newer sound, a dreamer or a renegade, ONE OK ROCK made sure this concert had something for everyone, with fans leaving the show feeling ready to take on the world.                                        ', '16 Dec, 2022', '2', 26, 'post-12.jpg'),
(53, 'Exclusive: ReoNa outlines “Numb”, a song fully sung in English', '<b>ReoNa recently released a lyric video for the song Numb which surprised us greatly with her flawless English pronunciation.</b>The track is taken off her newest single Alive which came out on December 7—around the same time her upcoming album HUMAN was announced, which you can read more about in our previous coverage. Numb is a gentle and soothing work composed by rui from the rock band “fade”. The arrangement was however a collaborative process between rui, and Daniel James and James Jordan from the Australian production team, Dreamlab.<br><br>\n\n“Numb” is a song about self-disappointment leading to self-hatred, based on what sounds like an internal discussion with myself in my mind, and heart.\n\nBecause the world depicted in this song can be directly understood thanks to the lyrics being written in English, each word was carefully selected.\n\nThe composer rui taught me English and has recorded the song while the lyricist Leah, lent her voice for the chorus.\nWhile soft and warm, her voice contrasts with the coldness and loneliness expressed through the lyrics, please pay close attention to that.<br><br>\n\nNotably, ReoNa sung the song entirely in English, with lyrics penned by producer, songwriter, and singer Leah Haywood of Dreamlab. We connected with ReoNa to get a comment surrounding the experience and development behind Numb. The lyric video features aesthetic visuals of ReoNa in slow motion just floating and swimming underwater. Excerpts of these images can also be found in the music video for Alive.<br><br>                                        ', '16 Dec, 2022', '2', 26, 'post-13.jpg'),
(54, 'TK from Ling tosite sigure’s eccentric theme “first death” elevates Anime Chainsaw Man', 'The action and gore anime Chainsaw Man is a series that interestingly features a different ending theme song for each episode. With episode 8 released last week, the appearance of TK from Ling tosite sigure’s song, first death, could finally be experienced. The song could a day later, on November 30, be picked up as a digital single. Although the full physical CD release won’t be available until December 21. With the song first death being extremely erratic, it gives off a psychotic and intense energy that is well-fitting to the anime’s setting. When ending on such a high note, how could you not want to watch the next episode? <br><br>\n\nFast-forward to today, we now have the music video for the song, and we can experience it anew, but in an even flashier way--literally! The seizure-triggering video brings forth an eccentric performance in all the best ways, keeping TK in motion at all times. In our last coverage, we shared the words that TK used to describe first death.                                                                                ', '16 Dec, 2022', '2', 26, 'post-14.jpg'),
(57, 'RADWIMPS Releases OST for Makoto Shinkai’s New Anime Film Suzume no Tojimari', 'Japanese rock band RADWIMPS dropped the official soundtrack for Makoto Shinkai’s film Suzume no Tojimari on November 11, 2022, the same day of the movie’s release. The film is Shinkai’s first in three years and is a coming-of-age story that follows a girl named Suzume as she travels to disaster-stricken locations around Japan, closing doors to keep those nearby safe. Suzume Iwato, the heroine, will be played by Nanoka Hara, while Hokuto Matsumura will portray Souta Munakata. <br><br>\r\n\r\nThe film is now in theaters. RADWIMPS and world-renowned film music composer Kazuma Jinnouchi collaborated on the soundtrack.<br><br>\r\n\r\nSome recording for the film was done overseas at the historic Abbey Road Studios in London, a first for a Shinkai film. In addition to the film’s theme songs Kanata Haruka and Suzume feat. Toaka, the soundtrack contains 25 songs from the film including Tamaki and Suzume no Namida, sung by Yojiro Noda. These songs were created during the film’s production but weren’t included in the movie itself.<br><br>\r\n\r\nThe soundtrack is now available on iTunes and other major music streaming sites. Those purchasing the album will receive four different CD-size cards with unique designs. Special offers are limited and are only available for a short time, so don’t miss out!', '17 Dec, 2022', '2', 26, 'post-15.jpg');

--
-- Indexes for dumped tables
--

--
-- Indexes for table `admins`
--
ALTER TABLE `admins`
  ADD PRIMARY KEY (`admin_id`);

--
-- Indexes for table `categories`
--
ALTER TABLE `categories`
  ADD PRIMARY KEY (`category_id`);

--
-- Indexes for table `news`
--
ALTER TABLE `news`
  ADD PRIMARY KEY (`news_id`);

--
-- AUTO_INCREMENT for dumped tables
--

--
-- AUTO_INCREMENT for table `admins`
--
ALTER TABLE `admins`
  MODIFY `admin_id` int(11) NOT NULL AUTO_INCREMENT, AUTO_INCREMENT=27;

--
-- AUTO_INCREMENT for table `categories`
--
ALTER TABLE `categories`
  MODIFY `category_id` int(11) NOT NULL AUTO_INCREMENT, AUTO_INCREMENT=4;

--
-- AUTO_INCREMENT for table `news`
--
ALTER TABLE `news`
  MODIFY `news_id` int(11) NOT NULL AUTO_INCREMENT, AUTO_INCREMENT=58;
COMMIT;

/*!40101 SET CHARACTER_SET_CLIENT=@OLD_CHARACTER_SET_CLIENT */;
/*!40101 SET CHARACTER_SET_RESULTS=@OLD_CHARACTER_SET_RESULTS */;
/*!40101 SET COLLATION_CONNECTION=@OLD_COLLATION_CONNECTION */;
